"data","curs"
"20.02.2021",73.9717
"19.02.2021",73.7755
"18.02.2021",73.7669
"17.02.2021",73.2895
"16.02.2021",73.3092
"13.02.2021",73.9378
"12.02.2021",73.7579
"11.02.2021",73.8526
"10.02.2021",74.1192
"09.02.2021",74.2602
"06.02.2021",75.1107
"05.02.2021",75.7293
"04.02.2021",76.0801
"03.02.2021",75.9051
"02.02.2021",75.5053
"30.01.2021",76.2527
"29.01.2021",76.1854
"28.01.2021",75.04
"27.01.2021",75.6354
"26.01.2021",74.8569
"23.01.2021",74.3615
"22.01.2021",73.3694
"21.01.2021",73.355
"20.01.2021",73.7243
"19.01.2021",73.9735
"16.01.2021",73.5453
"15.01.2021",73.7961
"14.01.2021",73.5264
"13.01.2021",74.2663
"12.01.2021",74.5157
"01.01.2021",73.8757
"31.12.2020",73.8757
"30.12.2020",73.6567
"29.12.2020",73.7175
"26.12.2020",73.6921
"25.12.2020",74.8392
"24.12.2020",75.4571
"23.12.2020",75.3498
"22.12.2020",74.6721
"19.12.2020",73.3155
"18.12.2020",72.9781
"17.12.2020",73.4201
"16.12.2020",73.4453
"15.12.2020",72.9272
"12.12.2020",73.1195
"11.12.2020",73.7124
"10.12.2020",73.3057
"09.12.2020",73.6618
"08.12.2020",74.2506
"05.12.2020",74.2529
"04.12.2020",75.1996
"03.12.2020",75.6151
"02.12.2020",76.3203
"01.12.2020",76.1999
"28.11.2020",75.8599
"27.11.2020",75.4518
"26.11.2020",75.4727
"25.11.2020",75.8146
"24.11.2020",75.76
"21.11.2020",76.012
"20.11.2020",76.2627
"19.11.2020",75.9268
"18.11.2020",76.253
"17.11.2020",76.9197
"14.11.2020",77.3262
"13.11.2020",77.1148
"12.11.2020",76.2075
"11.11.2020",76.3978
"10.11.2020",76.9515
"07.11.2020",77.1875
"06.11.2020",78.4559
"04.11.2020",80.0006
"03.11.2020",80.5749
"31.10.2020",79.3323
"30.10.2020",78.8699
"29.10.2020",77.552
"28.10.2020",76.4556
"27.10.2020",76.4443
"24.10.2020",76.4667
"23.10.2020",77.0809
"22.10.2020",77.0322
"21.10.2020",77.778
"20.10.2020",77.9241
"17.10.2020",77.9644
"16.10.2020",77.9461
"15.10.2020",77.2759
"14.10.2020",77.2855
"13.10.2020",77.0239
"10.10.2020",77.0284
"09.10.2020",77.9157
"08.10.2020",78.0921
"07.10.2020",78.5119
"06.10.2020",78.1281
"03.10.2020",78.0915
"02.10.2020",77.2774
"01.10.2020",78.7847
"30.09.2020",79.6845
"29.09.2020",78.6713
"26.09.2020",76.8195
"25.09.2020",77.178
"24.09.2020",76.3545
"23.09.2020",76.2711
"22.09.2020",76.0381
"19.09.2020",75.0319
"18.09.2020",75.1941
"17.09.2020",74.9278
"16.09.2020",75.1884
"15.09.2020",74.7148
"12.09.2020",74.8896
"11.09.2020",75.5274
"10.09.2020",76.0713
"09.09.2020",75.9645
"08.09.2020",75.591
"05.09.2020",75.1823
"04.09.2020",75.468
"03.09.2020",73.8588
"02.09.2020",73.5849
"01.09.2020",73.8039
"29.08.2020",74.6382
"28.08.2020",75.2354
"27.08.2020",75.5379
"26.08.2020",74.5126
"25.08.2020",74.4184
"22.08.2020",74.0999
"21.08.2020",73.7711
"20.08.2020",73.2392
"19.08.2020",73.4321
"18.08.2020",72.9676
"15.08.2020",73.2157
"14.08.2020",73.6067
"13.08.2020",73.2351
"12.08.2020",73.1522
"11.08.2020",73.775
"08.08.2020",73.6376
"07.08.2020",73.0397
"06.08.2020",73.2806
"05.08.2020",73.3806
"04.08.2020",74.1586
"01.08.2020",73.4261
"31.07.2020",73.3633
"30.07.2020",72.2348
"29.07.2020",71.9196
"28.07.2020",71.585
"25.07.2020",71.5974
"24.07.2020",70.963
"23.07.2020",70.7881
"22.07.2020",70.9668
"21.07.2020",71.9628
"18.07.2020",71.7139
"17.07.2020",71.231
"16.07.2020",70.7998
"15.07.2020",71.1275
"14.07.2020",70.7479
"11.07.2020",71.2298
"10.07.2020",70.88
"09.07.2020",71.2379
"08.07.2020",72.1719
"07.07.2020",71.3409
"04.07.2020",70.4999
"03.07.2020",70.5198
"02.07.2020",70.4413
"01.07.2020",70.4413
"30.06.2020",69.9513
"27.06.2020",69.1284
"26.06.2020",69.466
"25.06.2020",68.8376
"24.06.2020",68.8376
"23.06.2020",69.4835
"20.06.2020",69.5725
"19.06.2020",69.618
"18.06.2020",69.4822
"17.06.2020",69.7524
"16.06.2020",70.395
"12.06.2020",69.1219
"11.06.2020",68.6183
"10.06.2020",68.6745
"09.06.2020",68.3123
"06.06.2020",68.6319
"05.06.2020",69.0151
"04.06.2020",68.3413
"03.06.2020",68.9831
"02.06.2020",69.7114
"30.05.2020",70.752
"29.05.2020",71.1012
"28.05.2020",71.0635
"27.05.2020",71.1408
"26.05.2020",71.5962
"23.05.2020",71.8804
"22.05.2020",70.924
"21.05.2020",72.3381
"20.05.2020",72.3918
"19.05.2020",72.9798
"16.05.2020",73.2056
"15.05.2020",73.9298
"14.05.2020",73.5819
"13.05.2020",73.4326
"09.05.2020",73.8725
"08.05.2020",74.1169
"07.05.2020",73.9719
"01.05.2020",72.7263
"30.04.2020",73.6894
"29.04.2020",74.5706
"28.04.2020",74.496
"25.04.2020",74.7163
"24.04.2020",75.129
"23.04.2020",77.0416
"22.04.2020",76.2562
"21.04.2020",74.6657
"18.04.2020",73.9441
"17.04.2020",74.7119
"16.04.2020",73.7145
"15.04.2020",73.315
"14.04.2020",73.5245
"11.04.2020",73.7515
"10.04.2020",74.605
"09.04.2020",75.7499
"08.04.2020",75.455
"07.04.2020",76.4074
"28.03.2020",77.7325
"27.03.2020",78.7223
"26.03.2020",77.7928
"25.03.2020",78.8493
"24.03.2020",80.8815
"21.03.2020",78.0443
"20.03.2020",80.157
"19.03.2020",77.2131
"18.03.2020",73.8896
"17.03.2020",74.1262
"14.03.2020",73.1882
"13.03.2020",74.0274
"12.03.2020",71.472
"11.03.2020",72.0208
"07.03.2020",67.5175
"06.03.2020",66.1854
"05.03.2020",66.0784
"04.03.2020",66.4437
"03.03.2020",66.3274
"29.02.2020",66.9909
"28.02.2020",65.6097
"27.02.2020",65.5177
"26.02.2020",64.9213
"22.02.2020",64.3008
"21.02.2020",63.7413
"20.02.2020",63.6873
"19.02.2020",63.7698
"18.02.2020",63.3085
"15.02.2020",63.4536
"14.02.2020",63.6016
"13.02.2020",63.047
"12.02.2020",63.949
"11.02.2020",63.7708
"08.02.2020",63.472
"07.02.2020",62.7977
"06.02.2020",63.1742
"05.02.2020",63.4342
"04.02.2020",63.9091
"01.02.2020",63.1385
"31.01.2020",63.0359
"30.01.2020",62.3934
"29.01.2020",62.8299
"28.01.2020",62.338
"25.01.2020",61.8031
"24.01.2020",61.9515
"23.01.2020",61.8343
"22.01.2020",61.8552
"21.01.2020",61.4654
"18.01.2020",61.5333
"17.01.2020",61.5694
"16.01.2020",61.4328
"15.01.2020",61.414
"14.01.2020",60.9474
"11.01.2020",61.2632
"10.01.2020",61.234
"01.01.2020",61.9057
"31.12.2019",61.9057
"28.12.2019",62.0315
"27.12.2019",61.7676
"26.12.2019",61.7164
"25.12.2019",62.1673
"24.12.2019",62.2499
"21.12.2019",62.4071
"20.12.2019",62.5283
"19.12.2019",62.5831
"18.12.2019",62.5326
"17.12.2019",62.7686
"14.12.2019",62.5544
"13.12.2019",63.2257
"12.12.2019",63.5653
"11.12.2019",63.5788
"10.12.2019",63.7244
"07.12.2019",63.7185
"06.12.2019",63.8135
"05.12.2019",64.1948
"04.12.2019",64.1401
"03.12.2019",64.4097
"30.11.2019",64.0817
"29.11.2019",64.1005
"28.11.2019",63.9722
"27.11.2019",64.0239
"26.11.2019",63.7637
"23.11.2019",63.7101
"22.11.2019",63.843
"21.11.2019",64.0213
"20.11.2019",63.773
"19.11.2019",63.7542
"16.11.2019",63.8881
"15.11.2019",64.2101
"14.11.2019",64.2009
"13.11.2019",63.853
"12.11.2019",63.9121
"09.11.2019",63.7295
"08.11.2019",63.7298
"07.11.2019",63.588
"06.11.2019",63.248
"02.11.2019",64.0316
"01.11.2019",63.7748
"31.10.2019",63.8734
"30.10.2019",63.832
"29.10.2019",63.87
"26.10.2019",63.9966
"25.10.2019",63.86
"24.10.2019",63.7997
"23.10.2019",63.6336
"22.10.2019",63.7606
"19.10.2019",63.9542
"18.10.2019",64.0144
"17.10.2019",64.3455
"16.10.2019",64.2548
"15.10.2019",64.3652
"12.10.2019",64.2237
"11.10.2019",64.7416
"10.10.2019",65.0976
"09.10.2019",64.8672
"08.10.2019",64.8259
"05.10.2019",65.03
"04.10.2019",65.1312
"03.10.2019",65.4399
"02.10.2019",65.067
"01.10.2019",64.6407
"28.09.2019",64.4156
"27.09.2019",64.2888
"26.09.2019",64.1873
"25.09.2019",63.706
"24.09.2019",63.9453
"21.09.2019",63.8487
"20.09.2019",64.2199
"19.09.2019",64.429
"18.09.2019",64.1213
"17.09.2019",63.8272
"14.09.2019",64.4711
"13.09.2019",65.1909
"12.09.2019",65.4321
"11.09.2019",65.4393
"10.09.2019",65.5698
"07.09.2019",65.9981
"06.09.2019",66.0528
"05.09.2019",66.5002
"04.09.2019",66.9072
"03.09.2019",66.6235
"31.08.2019",66.4897
"30.08.2019",66.7471
"29.08.2019",66.4127
"28.08.2019",66.2608
"27.08.2019",65.9735
"24.08.2019",65.6046
"23.08.2019",65.6196
"22.08.2019",66.263
"21.08.2019",66.784
"20.08.2019",66.6082
"17.08.2019",65.9961
"16.08.2019",65.8907
"15.08.2019",65.2032
"14.08.2019",65.6017
"13.08.2019",65.4287
"10.08.2019",65.2543
"09.08.2019",65.1299
"08.08.2019",65.0932
"07.08.2019",65.203
"06.08.2019",65.0546
"03.08.2019",64.6423
"02.08.2019",63.834
"01.08.2019",63.4172
"31.07.2019",63.3791
"30.07.2019",63.521
"27.07.2019",63.1271
"26.07.2019",63.1572
"25.07.2019",63.1162
"24.07.2019",63.129
"23.07.2019",62.9776
"20.07.2019",62.8666
"19.07.2019",62.8286
"18.07.2019",62.9451
"17.07.2019",62.8129
"16.07.2019",62.828
"13.07.2019",63.0204
"12.07.2019",62.9944
"11.07.2019",63.7988
"10.07.2019",63.766
"09.07.2019",63.8699
"06.07.2019",63.5841
"05.07.2019",63.4013
"04.07.2019",63.4951
"03.07.2019",63.2265
"02.07.2019",63.0541
"29.06.2019",63.0756
"28.06.2019",63.0452
"27.06.2019",62.8083
"26.06.2019",62.5229
"25.06.2019",62.9095
"22.06.2019",63.1295
"21.06.2019",63.3877
"20.06.2019",63.9794
"19.06.2019",64.3352
"18.06.2019",64.3187
"15.06.2019",64.4326
"14.06.2019",64.6314
"12.06.2019",64.5158
"11.06.2019",64.7919
"08.06.2019",65.0395
"07.06.2019",65.234
"06.06.2019",65.1243
"05.06.2019",65.1614
"04.06.2019",65.5547
"01.06.2019",65.3834
"31.05.2019",65.0583
"30.05.2019",64.9084
"29.05.2019",64.5394
"28.05.2019",64.4636
"25.05.2019",64.6106
"24.05.2019",64.4913
"23.05.2019",64.4156
"22.05.2019",64.5372
"21.05.2019",64.4888
"18.05.2019",64.6327
"17.05.2019",64.5598
"16.05.2019",64.8489
"15.05.2019",65.3001
"14.05.2019",65.4703
"09.05.2019",65.2287
"08.05.2019",65.2166
"07.05.2019",65.335
"01.05.2019",64.6314
"30.04.2019",64.6917
"27.04.2019",64.7053
"26.04.2019",64.6794
"25.04.2019",63.9798
"24.04.2019",63.7906
"23.04.2019",63.786
"20.04.2019",63.9602
"19.04.2019",64.0688
"18.04.2019",63.945
"17.04.2019",64.2422
"16.04.2019",64.2469
"13.04.2019",64.5171
"12.04.2019",64.3991
"11.04.2019",64.7373
"10.04.2019",64.7766
"09.04.2019",65.3498
"06.04.2019",65.4072
"05.04.2019",65.3281
"04.04.2019",65.1639
"03.04.2019",65.4726
"02.04.2019",65.4176
"30.03.2019",64.7347
"29.03.2019",64.8012
"28.03.2019",64.5925
"27.03.2019",64.1683
"26.03.2019",64.4993
"23.03.2019",63.7705
"22.03.2019",63.742
"21.03.2019",64.2803
"20.03.2019",64.3167
"19.03.2019",64.6694
"16.03.2019",65.4201
"15.03.2019",65.4021
"14.03.2019",65.589
"13.03.2019",65.7674
"12.03.2019",66.0763
"08.03.2019",65.9646
"07.03.2019",65.843
"06.03.2019",65.8004
"05.03.2019",65.7956
"02.03.2019",65.8145
"01.03.2019",65.8895
"28.02.2019",65.757
"27.02.2019",65.6182
"26.02.2019",65.2582
"23.02.2019",65.5149
"22.02.2019",65.5401
"21.02.2019",65.8568
"20.02.2019",66.2022
"19.02.2019",66.247
"16.02.2019",66.7044
"15.02.2019",66.5429
"14.02.2019",65.6783
"13.02.2019",65.7147
"12.02.2019",65.6517
"09.02.2019",66.0628
"08.02.2019",66.0199
"07.02.2019",65.6686
"06.02.2019",65.5691
"05.02.2019",65.5859
"02.02.2019",65.6601
"01.02.2019",65.3577
"31.01.2019",66.0987
"30.01.2019",66.3412
"29.01.2019",65.93
"26.01.2019",65.917
"25.01.2019",66.0016
"24.01.2019",66.3318
"23.01.2019",66.5499
"22.01.2019",66.3634
"19.01.2019",66.3309
"18.01.2019",66.4438
"17.01.2019",66.7617
"16.01.2019",67.082
"15.01.2019",67.192
"12.01.2019",66.9167
"11.01.2019",66.8605
"10.01.2019",67.0795
"30.12.2018",69.4706
"29.12.2018",69.5218
"28.12.2018",68.8762
"27.12.2018",68.8865
"26.12.2018",68.7448
"25.12.2018",68.4073
"22.12.2018",68.0085
"21.12.2018",67.371
"20.12.2018",67.1121
"19.12.2018",66.7454
"18.12.2018",66.6208
"15.12.2018",66.4337
"14.12.2018",66.255
"13.12.2018",66.4225
"12.12.2018",66.5022
"11.12.2018",66.2416
"08.12.2018",66.9227
"07.12.2018",66.7377
"06.12.2018",66.8242
"05.12.2018",66.4467
"04.12.2018",66.2921
"01.12.2018",66.5335
"30.11.2018",66.6342
"29.11.2018",66.9436
"28.11.2018",66.78
"27.11.2018",66.5072
"24.11.2018",65.6664
"23.11.2018",65.6067
"22.11.2018",65.9485
"21.11.2018",65.5871
"20.11.2018",66.0081
"17.11.2018",65.9931
"16.11.2018",66.6159
"15.11.2018",67.9975
"14.11.2018",67.6812
"13.11.2018",67.5238
"10.11.2018",66.8497
"09.11.2018",66.2155
"08.11.2018",66.0918
"07.11.2018",65.9912
"03.11.2018",65.5799
"02.11.2018",65.6517
"01.11.2018",65.5962
"31.10.2018",65.7742
"30.10.2018",65.8129
"27.10.2018",65.6345
"26.10.2018",65.7476
"25.10.2018",65.6299
"24.10.2018",65.3101
"23.10.2018",65.3065
"20.10.2018",65.814
"19.10.2018",65.7238
"18.10.2018",65.4026
"17.10.2018",65.5305
"16.10.2018",65.7508
"13.10.2018",65.9751
"12.10.2018",66.7727
"11.10.2018",66.1832
"10.10.2018",66.4032
"09.10.2018",66.9685
"06.10.2018",66.627
"05.10.2018",66.2115
"04.10.2018",65.4244
"03.10.2018",65.2221
"02.10.2018",65.5745
"29.09.2018",65.5906
"28.09.2018",65.8355
"27.09.2018",65.7585
"26.09.2018",65.8244
"25.09.2018",66.1594
"22.09.2018",66.2497
"21.09.2018",66.4725
"20.09.2018",67.0098
"19.09.2018",67.7519
"18.09.2018",68.1958
"15.09.2018",68.2826
"14.09.2018",68.637
"13.09.2018",69.5728
"12.09.2018",69.9744
"11.09.2018",69.8685
"08.09.2018",69.0286
"07.09.2018",68.2505
"06.09.2018",68.4628
"05.09.2018",68.2737
"04.09.2018",67.7443
"01.09.2018",68.0447
"31.08.2018",68.0821
"30.08.2018",68.1451
"29.08.2018",67.3911
"28.08.2018",67.3963
"25.08.2018",67.7911
"24.08.2018",68.5259
"23.08.2018",67.6163
"22.08.2018",67.1783
"21.08.2018",67.1807
"18.08.2018",66.8757
"17.08.2018",66.8932
"16.08.2018",66.3772
"15.08.2018",66.7535
"14.08.2018",68.2234
"11.08.2018",66.9075
"10.08.2018",66.2856
"09.08.2018",63.595
"08.08.2018",63.5425
"07.08.2018",63.4975
"04.08.2018",63.4549
"03.08.2018",63.1358
"02.08.2018",62.559
"01.08.2018",62.3497
"31.07.2018",62.7805
"28.07.2018",62.9726
"27.07.2018",62.9471
"26.07.2018",63.0836
"25.07.2018",62.9235
"24.07.2018",63.1957
"21.07.2018",63.4888
"20.07.2018",63.2746
"19.07.2018",62.9006
"18.07.2018",62.4352
"17.07.2018",62.2556
"14.07.2018",62.2934
"13.07.2018",62.2062
"12.07.2018",62.098
"11.07.2018",62.4442
"10.07.2018",62.8338
"07.07.2018",63.1216
"06.07.2018",63.2604
"05.07.2018",63.2267
"04.07.2018",63.2194
"03.07.2018",63.1394
"30.06.2018",62.7565
"29.06.2018",63.291
"28.06.2018",63.1359
"27.06.2018",62.7908
"26.06.2018",62.9497
"23.06.2018",63.2396
"22.06.2018",63.7873
"21.06.2018",63.6175
"20.06.2018",64.0683
"19.06.2018",63.4838
"16.06.2018",62.6851
"15.06.2018",62.2511
"14.06.2018",63.1164
"10.06.2018",62.3431
"09.06.2018",62.668
"08.06.2018",61.8125
"07.06.2018",62.0064
"06.06.2018",61.9822
"05.06.2018",61.929
"02.06.2018",62.2056
"01.06.2018",62.0188
"31.05.2018",62.5937
"30.05.2018",62.642
"29.05.2018",62.271
"26.05.2018",61.6659
"25.05.2018",61.409
"24.05.2018",61.5945
"23.05.2018",61.261
"22.05.2018",62.5327
"19.05.2018",61.9408
"18.05.2018",61.8215
"17.05.2018",62.3033
"16.05.2018",61.9164
"15.05.2018",61.7684
"12.05.2018",61.7354
"11.05.2018",62.5229
"09.05.2018",63.0066
"08.05.2018",62.7148
"05.05.2018",63.2012
"04.05.2018",63.486
"29.04.2018",61.9997
"28.04.2018",62.726
"27.04.2018",62.6027
"26.04.2018",61.7494
"25.04.2018",61.6644
"24.04.2018",61.7655
"21.04.2018",61.3222
"20.04.2018",60.8583
"19.04.2018",61.5539
"18.04.2018",61.1454
"17.04.2018",62.2794
"14.04.2018",61.4311
"13.04.2018",62.0659
"12.04.2018",64.0626
"11.04.2018",62.3699
"10.04.2018",58.5714
"07.04.2018",57.8332
"06.04.2018",57.5796
"05.04.2018",57.7646
"04.04.2018",57.5375
"03.04.2018",57.285
"31.03.2018",57.2649
"30.03.2018",57.7626
"29.03.2018",57.5598
"28.03.2018",57.1747
"27.03.2018",57.0039
"24.03.2018",57.1072
"23.03.2018",56.8391
"22.03.2018",57.4954
"21.03.2018",57.7033
"20.03.2018",57.5521
"17.03.2018",57.4942
"16.03.2018",57.0188
"15.03.2018",56.9372
"14.03.2018",56.9359
"13.03.2018",56.6122
"08.03.2018",56.8011
"07.03.2018",56.5041
"06.03.2018",57.1
"03.03.2018",56.6616
"02.03.2018",56.4334
"01.03.2018",56.3742
"28.02.2018",55.6717
"27.02.2018",55.9208
"23.02.2018",56.7608
"22.02.2018",56.6537
"21.02.2018",56.5201
"20.02.2018",56.3438
"17.02.2018",56.3554
"16.02.2018",56.5918
"15.02.2018",57.5899
"14.02.2018",57.7701
"13.02.2018",58.0171
"10.02.2018",58.1718
"09.02.2018",57.6736
"08.02.2018",56.9533
"07.02.2018",57.2196
"06.02.2018",56.6278
"03.02.2018",56.0408
"02.02.2018",56.2613
"01.02.2018",56.184
"31.01.2018",56.2914
"30.01.2018",56.2908
"27.01.2018",55.8288
"26.01.2018",55.9288
"25.01.2018",56.3888
"24.01.2018",56.4115
"23.01.2018",56.6261
"20.01.2018",56.5892
"19.01.2018",56.7597
"18.01.2018",56.5925
"17.01.2018",56.3878
"16.01.2018",56.3569
"13.01.2018",56.6019
"12.01.2018",56.9957
"11.01.2018",56.8734
"10.01.2018",57.0463
"30.12.2017",57.6002
"29.12.2017",57.6291
"28.12.2017",57.4544
"27.12.2017",57.7343
"26.12.2017",58.1989
"23.12.2017",58.3152
"22.12.2017",58.5596
"21.12.2017",58.717
"20.12.2017",58.6117
"19.12.2017",58.694
"16.12.2017",58.8987
"15.12.2017",58.7082
"14.12.2017",59.1446
"13.12.2017",58.837
"12.12.2017",59.2348
"09.12.2017",59.2811
"08.12.2017",59.2948
"07.12.2017",58.9281
"06.12.2017",58.6924
"05.12.2017",58.9911
"02.12.2017",58.5182
"01.12.2017",58.5814
"30.11.2017",58.3311
"29.11.2017",58.4125
"28.11.2017",58.2773
"25.11.2017",58.5318
"24.11.2017",58.4622
"23.11.2017",59.0061
"22.11.2017",59.4604
"21.11.2017",59.2746
"18.11.2017",59.6325
"17.11.2017",59.9898
"16.11.2017",60.249
"15.11.2017",59.6207
"14.11.2017",59.1823
"11.11.2017",59.2808
"10.11.2017",59.2527
"09.11.2017",59.248
"08.11.2017",58.4557
"04.11.2017",58.4296
"03.11.2017",58.0869
"02.11.2017",58.1557
"01.11.2017",58.1179
"31.10.2017",57.8716
"28.10.2017",58.0833
"27.10.2017",57.7643
"26.10.2017",57.614
"25.10.2017",57.5852
"24.10.2017",57.4706
"21.10.2017",57.5118
"20.10.2017",57.5706
"19.10.2017",57.2721
"18.10.2017",57.3392
"17.10.2017",57.0861
"14.10.2017",57.6196
"13.10.2017",57.6869
"12.10.2017",57.921
"11.10.2017",58.0713
"10.10.2017",58.3151
"07.10.2017",57.7612
"06.10.2017",57.5811
"05.10.2017",57.7832
"04.10.2017",57.9375
"03.10.2017",57.8134
"30.09.2017",58.0169
"29.09.2017",58.4255
"28.09.2017",58.0102
"27.09.2017",57.5186
"26.09.2017",57.566
"23.09.2017",57.6527
"22.09.2017",58.2242
"21.09.2017",58.129
"20.09.2017",58.0993
"19.09.2017",57.6242
"16.09.2017",57.5336
"15.09.2017",57.7706
"14.09.2017",57.6679
"13.09.2017",57.2656
"12.09.2017",57.1694
"09.09.2017",56.9966
"08.09.2017",57.1411
"07.09.2017",57.3387
"06.09.2017",57.8503
"05.09.2017",57.7817
"02.09.2017",58.0557
"01.09.2017",58.5454
"31.08.2017",58.7306
"30.08.2017",58.532
"29.08.2017",58.5469
"26.08.2017",59.1476
"25.08.2017",59.1397
"24.08.2017",59.1312
"23.08.2017",59.0396
"22.08.2017",59.1409
"19.08.2017",59.3612
"18.08.2017",59.249
"17.08.2017",59.6521
"16.08.2017",59.9266
"15.08.2017",59.799
"12.08.2017",60.1873
"11.08.2017",59.9298
"10.08.2017",59.9611
"09.08.2017",59.9886
"08.08.2017",60.0605
"05.08.2017",60.3281
"04.08.2017",60.7503
"03.08.2017",60.5819
"02.08.2017",59.8454
"01.08.2017",60.0633
"29.07.2017",59.5436
"28.07.2017",59.4102
"27.07.2017",59.9102
"26.07.2017",59.8185
"25.07.2017",59.6572
"22.07.2017",58.9325
"21.07.2017",59.0823
"20.07.2017",59.2418
"19.07.2017",59.3705
"18.07.2017",59.0657
"15.07.2017",59.8806
"14.07.2017",60.1836
"13.07.2017",60.6227
"12.07.2017",60.7397
"11.07.2017",60.3014
"08.07.2017",60.3792
"07.07.2017",60.2426
"06.07.2017",59.5787
"05.07.2017",59.2295
"04.07.2017",58.9695
"01.07.2017",59.3862
"30.06.2017",59.0855
"29.06.2017",59.5415
"28.06.2017",58.8843
"27.06.2017",59.0014
"24.06.2017",59.6564
"23.06.2017",60.1482
"22.06.2017",60.0
"21.06.2017",58.5786
"20.06.2017",57.9585
"17.06.2017",57.7408
"16.06.2017",57.4437
"15.06.2017",57.0303
"14.06.2017",56.9096
"10.06.2017",57.002
"09.06.2017",56.9857
"08.06.2017",56.5878
"07.06.2017",56.6747
"06.06.2017",56.6152
"03.06.2017",56.6876
"02.06.2017",56.5373
"01.06.2017",56.6876
"31.05.2017",56.5168
"30.05.2017",56.7106
"27.05.2017",56.756
"26.05.2017",56.0701
"25.05.2017",56.2743
"24.05.2017",56.5552
"23.05.2017",56.4988
"20.05.2017",57.1602
"19.05.2017",57.4683
"18.05.2017",56.7383
"17.05.2017",56.2603
"16.05.2017",56.5258
"13.05.2017",57.164
"12.05.2017",57.1161
"11.05.2017",58.0824
"06.05.2017",58.5382
"05.05.2017",57.5714
"04.05.2017",57.0927
"03.05.2017",56.9518
"29.04.2017",56.9838
"28.04.2017",56.9707
"27.04.2017",56.3131
"26.04.2017",55.8453
"25.04.2017",56.0794
"22.04.2017",56.2307
"21.04.2017",56.4165
"20.04.2017",56.1753
"19.04.2017",55.9793
"18.04.2017",56.2505
"15.04.2017",56.2945
"14.04.2017",56.6019
"13.04.2017",56.7556
"12.04.2017",56.9552
"11.04.2017",57.3896
"08.04.2017",56.9201
"07.04.2017",56.4369
"06.04.2017",55.894
"05.04.2017",56.5553
"04.04.2017",56.1396
"01.04.2017",55.9606
"31.03.2017",56.3779
"30.03.2017",57.0241
"29.03.2017",56.9364
"28.03.2017",57.0233
"25.03.2017",57.4247
"24.03.2017",57.5228
"23.03.2017",57.636
"22.03.2017",57.2323
"21.03.2017",57.2847
"18.03.2017",57.9344
"17.03.2017",58.2437
"16.03.2017",59.1128
"15.03.2017",58.954
"14.03.2017",59.1327
"11.03.2017",59.2174
"10.03.2017",58.8318
"08.03.2017",58.263
"07.03.2017",58.337
"04.03.2017",58.9099
"03.03.2017",58.4067
"02.03.2017",58.3776
"01.03.2017",57.9627
"28.02.2017",57.9371
"23.02.2017",57.4762
"22.02.2017",57.859
"21.02.2017",58.0967
"18.02.2017",57.6342
"17.02.2017",57.1507
"16.02.2017",56.7719
"15.02.2017",57.7388
"14.02.2017",58.0619
"11.02.2017",58.8457
"10.02.2017",59.0235
"09.02.2017",59.5129
"08.02.2017",59.1933
"07.02.2017",58.7121
"04.02.2017",59.3137
"03.02.2017",59.9858
"02.02.2017",60.3099
"01.02.2017",60.0851
"31.01.2017",60.1618
"28.01.2017",60.3196
"27.01.2017",59.6356
"26.01.2017",59.1489
"25.01.2017",59.2168
"24.01.2017",59.5034
"21.01.2017",59.6697
"20.01.2017",59.3521
"19.01.2017",59.183
"18.01.2017",59.4015
"17.01.2017",59.6067
"14.01.2017",59.37
"13.01.2017",59.4978
"12.01.2017",60.1614
"11.01.2017",59.9533
"10.01.2017",59.8961
"31.12.2016",60.6569
"30.12.2016",60.273
"29.12.2016",60.6669
"28.12.2016",60.8587
"27.12.2016",60.9084
"24.12.2016",60.8528
"23.12.2016",60.8641
"22.12.2016",61.1092
"21.12.2016",61.7967
"20.12.2016",61.7931
"17.12.2016",61.7515
"16.12.2016",61.6368
"15.12.2016",60.8079
"14.12.2016",61.069
"13.12.2016",61.5804
"10.12.2016",63.3028
"09.12.2016",63.3901
"08.12.2016",63.9114
"07.12.2016",63.8741
"06.12.2016",63.9242
"03.12.2016",64.1528
"02.12.2016",63.6807
"01.12.2016",65.2382
"30.11.2016",64.9449
"29.11.2016",64.9153
"26.11.2016",64.6174
"25.11.2016",64.6279
"24.11.2016",64.0087
"23.11.2016",63.6282
"22.11.2016",64.358
"19.11.2016",65.1023
"18.11.2016",64.9154
"17.11.2016",64.5463
"16.11.2016",65.5548
"15.11.2016",65.8591
"12.11.2016",65.2167
"11.11.2016",63.4161
"10.11.2016",63.8928
"09.11.2016",63.7364
"08.11.2016",63.9074
"04.11.2016",63.5043
"03.11.2016",63.4166
"02.11.2016",63.2025
"01.11.2016",63.2174
"29.10.2016",62.9037
"28.10.2016",63.0399
"27.10.2016",62.2597
"26.10.2016",62.048
"25.10.2016",62.2349
"22.10.2016",62.4499
"21.10.2016",62.4194
"20.10.2016",62.5841
"19.10.2016",62.89
"18.10.2016",63.151
"15.10.2016",62.9934
"14.10.2016",63.3465
"13.10.2016",62.5892
"12.10.2016",62.1946
"11.10.2016",62.3884
"08.10.2016",62.3031
"07.10.2016",62.39
"06.10.2016",62.4583
"05.10.2016",62.4323
"04.10.2016",62.5477
"01.10.2016",63.396
"30.09.2016",63.1581
"29.09.2016",63.9509
"28.09.2016",63.6921
"27.09.2016",64.1506
"24.09.2016",63.8642
"23.09.2016",63.7942
"22.09.2016",64.4424
"21.09.2016",64.7513
"20.09.2016",64.9173
"17.09.2016",64.994
"16.09.2016",65.217
"15.09.2016",64.9737
"14.09.2016",64.8102
"13.09.2016",65.0539
"10.09.2016",64.1617
"09.09.2016",63.973
"08.09.2016",64.3804
"07.09.2016",64.8306
"06.09.2016",64.7644
"03.09.2016",65.8684
"02.09.2016",65.2566
"01.09.2016",65.2535
"31.08.2016",64.9072
"30.08.2016",65.081
"27.08.2016",64.738
"26.08.2016",64.9459
"25.08.2016",64.814
"24.08.2016",64.7684
"23.08.2016",64.2078
"20.08.2016",63.9391
"19.08.2016",63.5487
"18.08.2016",63.9943
"17.08.2016",63.9514
"16.08.2016",64.2076
"13.08.2016",64.3364
"12.08.2016",64.9497
"11.08.2016",64.8137
"10.08.2016",64.7848
"09.08.2016",65.0799
"06.08.2016",65.5627
"05.08.2016",66.3941
"04.08.2016",66.742
"03.08.2016",66.8816
"02.08.2016",65.9553
"30.07.2016",67.0512
"29.07.2016",66.1125
"28.07.2016",65.9467
"27.07.2016",65.7408
"26.07.2016",64.9184
"23.07.2016",64.627
"22.07.2016",63.7373
"21.07.2016",63.4183
"20.07.2016",62.9891
"19.07.2016",63.1154
"16.07.2016",63.1697
"15.07.2016",63.5773
"14.07.2016",63.8531
"13.07.2016",63.9029
"12.07.2016",64.2024
"09.07.2016",64.2488
"08.07.2016",64.05
"07.07.2016",64.6304
"06.07.2016",64.2676
"05.07.2016",63.6844
"02.07.2016",64.0165
"01.07.2016",64.1755
"30.06.2016",64.2575
"29.06.2016",64.8095
"28.06.2016",65.0588
"25.06.2016",65.5287
"24.06.2016",64.3212
"23.06.2016",63.7162
"22.06.2016",64.1743
"21.06.2016",64.1509
"18.06.2016",65.4398
"17.06.2016",65.8618
"16.06.2016",65.9156
"15.06.2016",66.0306
"11.06.2016",64.7077
"10.06.2016",63.7402
"09.06.2016",64.6797
"08.06.2016",65.2089
"07.06.2016",65.7894
"04.06.2016",66.8529
"03.06.2016",66.7491
"02.06.2016",66.6156
"01.06.2016",65.9962
"31.05.2016",66.0825
"28.05.2016",66.0413
"27.05.2016",65.2062
"26.05.2016",65.8949
"25.05.2016",67.0493
"24.05.2016",67.0475
"21.05.2016",66.3775
"20.05.2016",66.211
"19.05.2016",65.0641
"18.05.2016",64.5138
"17.05.2016",64.8895
"14.05.2016",64.9306
"13.05.2016",64.9607
"12.05.2016",66.2428
"11.05.2016",66.3277
"07.05.2016",66.1928
"06.05.2016",65.8918
"05.05.2016",66.1718
"30.04.2016",64.3334
"29.04.2016",65.1133
"28.04.2016",65.1618
"27.04.2016",66.4559
"26.04.2016",66.6295
"23.04.2016",66.2198
"22.04.2016",65.0254
"21.04.2016",66.0364
"20.04.2016",65.6474
"19.04.2016",68.2724
"16.04.2016",66.0452
"15.04.2016",66.4954
"14.04.2016",65.7662
"13.04.2016",66.3456
"12.04.2016",67.125
"09.04.2016",67.4662
"08.04.2016",67.796
"07.04.2016",68.5215
"06.04.2016",68.8901
"05.04.2016",68.6753
"02.04.2016",67.141
"01.04.2016",67.8552
"31.03.2016",67.6076
"30.03.2016",68.7549
"29.03.2016",67.7807
"26.03.2016",68.4346
"25.03.2016",68.9328
"24.03.2016",67.6409
"23.03.2016",67.7764
"22.03.2016",68.8086
"19.03.2016",68.4026
"18.03.2016",68.5598
"17.03.2016",71.0256
"16.03.2016",70.5408
"15.03.2016",70.1542
"12.03.2016",70.3067
"11.03.2016",71.0928
"10.03.2016",72.3775
"05.03.2016",73.1854
"04.03.2016",73.8242
"03.03.2016",73.6256
"02.03.2016",74.0536
"01.03.2016",75.8994
"27.02.2016",75.0903
"26.02.2016",76.3929
"25.02.2016",76.3928
"21.02.2016",77.1326
"20.02.2016",76.3657
"19.02.2016",75.4575
"18.02.2016",77.8503
"17.02.2016",76.245
"16.02.2016",77.7792
"13.02.2016",79.4951
"12.02.2016",79.1144
"11.02.2016",79.0689
"10.02.2016",78.6805
"09.02.2016",76.8614
"06.02.2016",77.3409
"05.02.2016",76.4609
"04.02.2016",79.2593
"03.02.2016",77.9273
"02.02.2016",76.3264
"30.01.2016",75.1723
"29.01.2016",77.3674
"28.01.2016",78.9969
"27.01.2016",81.8394
"26.01.2016",77.7965
"23.01.2016",80.5714
"22.01.2016",83.5913
"21.01.2016",79.4614
"20.01.2016",78.4862
"19.01.2016",78.6678
"16.01.2016",76.565
"15.01.2016",76.523
"14.01.2016",76.4275
"13.01.2016",76.6041
"12.01.2016",75.9507
"01.01.2016",72.9299
"31.12.2015",72.8827
"30.12.2015",72.5066
"29.12.2015",70.7865
"26.12.2015",70.269
"25.12.2015",69.5165
"24.12.2015",70.9333
"23.12.2015",71.1211
"22.12.2015",71.2553
"19.12.2015",71.3215
"18.12.2015",70.5806
"17.12.2015",70.4012
"16.12.2015",70.8295
"15.12.2015",70.2244
"12.12.2015",69.1755
"11.12.2015",69.2151
"10.12.2015",69.2
"09.12.2015",69.3026
"08.12.2015",68.5156
"05.12.2015",67.6698
"04.12.2015",67.7691
"03.12.2015",66.7402
"02.12.2015",66.2584
"01.12.2015",66.737
"28.11.2015",66.2393
"27.11.2015",65.6836
"26.11.2015",65.4789
"25.11.2015",65.621
"24.11.2015",65.5973
"21.11.2015",64.8673
"20.11.2015",64.912
"19.11.2015",64.7785
"18.11.2015",65.4799
"17.11.2015",66.4607
"14.11.2015",66.6343
"13.11.2015",65.4541
"12.11.2015",64.5693
"11.11.2015",64.3908
"10.11.2015",64.6606
"07.11.2015",63.6832
"06.11.2015",63.3991
"04.11.2015",63.8525
"03.11.2015",63.7993
"31.10.2015",64.3742
"30.10.2015",64.1686
"29.10.2015",65.3159
"28.10.2015",63.5004
"27.10.2015",62.5038
"24.10.2015",61.9286
"23.10.2015",62.7888
"22.10.2015",62.6309
"21.10.2015",62.162
"20.10.2015",61.4419
"17.10.2015",61.3587
"16.10.2015",62.2433
"15.10.2015",63.1248
"14.10.2015",62.2237
"13.10.2015",61.1535
"10.10.2015",61.2967
"09.10.2015",62.2942
"08.10.2015",62.7061
"07.10.2015",65.0962
"06.10.2015",65.6248
"03.10.2015",65.9414
"02.10.2015",65.0336
"01.10.2015",65.7364
"30.09.2015",66.2367
"29.09.2015",65.547
"26.09.2015",65.6727
"25.09.2015",66.5151
"24.09.2015",66.041
"23.09.2015",66.1747
"22.09.2015",66.1455
"19.09.2015",65.6445
"18.09.2015",65.3623
"17.09.2015",65.9273
"16.09.2015",67.1574
"15.09.2015",67.9571
"12.09.2015",68.0093
"11.09.2015",68.4961
"10.09.2015",67.6219
"09.09.2015",68.7932
"08.09.2015",68.4864
"05.09.2015",67.685
"04.09.2015",67.0102
"03.09.2015",66.6756
"02.09.2015",65.3495
"01.09.2015",66.7152
"29.08.2015",66.4779
"28.08.2015",67.4473
"27.08.2015",69.3142
"26.08.2015",69.9461
"25.08.2015",70.7465
"22.08.2015",68.1216
"21.08.2015",66.9608
"20.08.2015",65.7222
"19.08.2015",65.8289
"18.08.2015",65.5034
"15.08.2015",64.9363
"14.08.2015",63.9988
"13.08.2015",65.0169
"12.08.2015",63.2098
"11.08.2015",64.4977
"08.08.2015",63.8399
"07.08.2015",63.8644
"06.08.2015",62.7184
"05.08.2015",62.9182
"04.08.2015",62.4677
"01.08.2015",60.3458
"31.07.2015",58.9906
"30.07.2015",59.7665
"29.07.2015",60.2231
"28.07.2015",58.7816
"25.07.2015",58.0374
"24.07.2015",57.3578
"23.07.2015",57.0232
"22.07.2015",57.0025
"21.07.2015",56.8336
"18.07.2015",56.8423
"17.07.2015",56.9504
"16.07.2015",56.6642
"15.07.2015",56.9774
"14.07.2015",56.6079
"11.07.2015",56.6685
"10.07.2015",56.9803
"09.07.2015",57.2174
"08.07.2015",57.2192
"07.07.2015",56.4112
"04.07.2015",55.6049
"03.07.2015",55.6555
"02.07.2015",55.4756
"01.07.2015",55.8413
"30.06.2015",55.524
"27.06.2015",54.8126
"26.06.2015",54.6026
"25.06.2015",54.0746
"24.06.2015",54.2081
"23.06.2015",53.5569
"20.06.2015",53.8006
"19.06.2015",53.3301
"18.06.2015",53.8999
"17.06.2015",54.0409
"16.06.2015",55.2679
"12.06.2015",54.5285
"11.06.2015",54.8219
"10.06.2015",55.91
"09.06.2015",56.0435
"06.06.2015",56.2463
"05.06.2015",54.9908
"04.06.2015",53.059
"03.06.2015",53.4413
"02.06.2015",52.8213
"30.05.2015",52.9716
"29.05.2015",52.2907
"28.05.2015",51.0178
"27.05.2015",50.3223
"26.05.2015",49.8613
"23.05.2015",49.7901
"22.05.2015",49.9204
"21.05.2015",49.7919
"20.05.2015",49.1777
"19.05.2015",49.2175
"16.05.2015",50.0115
"15.05.2015",50.0774
"14.05.2015",49.5366
"13.05.2015",50.914
"09.05.2015",50.7511
"08.05.2015",50.3615
"07.05.2015",49.9816
"06.05.2015",51.7574
"01.05.2015",51.1388
"30.04.2015",51.7029
"29.04.2015",52.3041
"28.04.2015",51.469
"25.04.2015",50.2473
"24.04.2015",51.6011
"23.04.2015",53.6555
"22.04.2015",53.9728
"21.04.2015",51.5207
"18.04.2015",50.5295
"17.04.2015",49.6749
"16.04.2015",50.5033
"15.04.2015",51.9749
"14.04.2015",52.422
"11.04.2015",51.0678
"10.04.2015",52.5424
"09.04.2015",54.027
"08.04.2015",55.3328
"07.04.2015",56.5161
"04.04.2015",56.7534
"03.04.2015",56.9902
"02.04.2015",58.3536
"01.04.2015",57.65
"31.03.2015",58.4643
"28.03.2015",57.7279
"27.03.2015",56.4271
"26.03.2015",57.3879
"25.03.2015",58.771
"24.03.2015",59.4452
"21.03.2015",60.0341
"20.03.2015",59.8308
"19.03.2015",61.3483
"18.03.2015",61.751
"17.03.2015",62.1497
"14.03.2015",61.3167
"13.03.2015",60.9595
"12.03.2015",62.6797
"11.03.2015",60.6649
"07.03.2015",59.9938
"06.03.2015",61.8457
"05.03.2015",61.8745
"04.03.2015",62.3649
"03.03.2015",62.2248
"28.02.2015",61.2718
"27.02.2015",60.7109
"26.02.2015",62.5906
"25.02.2015",63.5083
"21.02.2015",61.7235
"20.02.2015",62.1307
"19.02.2015",62.4001
"18.02.2015",62.8353
"17.02.2015",62.6632
"14.02.2015",65.0862
"13.02.2015",66.0994
"12.02.2015",66.0585
"11.02.2015",65.4469
"10.02.2015",65.7817
"07.02.2015",66.0432
"06.02.2015",68.6113
"05.02.2015",65.447
"04.02.2015",67.7727
"03.02.2015",69.664
"31.01.2015",68.9291
"30.01.2015",68.7303
"29.01.2015",67.1506
"28.01.2015",67.8153
"27.01.2015",65.5937
"24.01.2015",63.393
"23.01.2015",65.4
"22.01.2015",65.5558
"21.01.2015",64.9862
"20.01.2015",64.9732
"17.01.2015",65.1738
"16.01.2015",64.8337
"15.01.2015",66.0983
"14.01.2015",64.8425
"13.01.2015",62.7363
"01.01.2015",56.2376
"31.12.2014",56.2584
"30.12.2014",56.6801
"27.12.2014",52.0343
"26.12.2014",52.6159
"25.12.2014",54.4913
"24.12.2014",54.5687
"23.12.2014",56.494
"20.12.2014",60.6825
"19.12.2014",59.6029
"18.12.2014",67.7851
"17.12.2014",61.1512
"16.12.2014",58.3461
"13.12.2014",56.8919
"12.12.2014",54.7932
"11.12.2014",54.2758
"10.12.2014",54.2116
"09.12.2014",53.3079
"06.12.2014",53.1088
"05.12.2014",52.6932
"04.12.2014",54.3821
"03.12.2014",50.7678
"02.12.2014",51.8068
"29.11.2014",49.322
"28.11.2014",47.6629
"27.11.2014",46.4244
"26.11.2014",44.9758
"25.11.2014",44.7852
"22.11.2014",45.7926
"21.11.2014",46.7047
"20.11.2014",47.0294
"19.11.2014",46.9797
"18.11.2014",47.3329
"15.11.2014",47.392
"14.11.2014",46.1233
"13.11.2014",46.3379
"12.11.2014",45.952
"11.11.2014",45.8926
"08.11.2014",47.8774
"07.11.2014",45.1854
"06.11.2014",44.3993
"01.11.2014",41.9627
"31.10.2014",43.3943
"30.10.2014",42.6525
"29.10.2014",42.3934
"28.10.2014",41.9497
"25.10.2014",41.8101
"24.10.2014",41.4958
"23.10.2014",40.9671
"22.10.2014",41.0501
"21.10.2014",40.8815
"18.10.2014",41.045
"17.10.2014",40.7457
"16.10.2014",40.9416
"15.10.2014",40.5304
"14.10.2014",40.3251
"11.10.2014",40.2125
"10.10.2014",39.98
"09.10.2014",39.9819
"08.10.2014",39.7417
"07.10.2014",39.982
"04.10.2014",39.698
"03.10.2014",39.5474
"02.10.2014",39.6604
"01.10.2014",39.3836
"30.09.2014",39.3866
"27.09.2014",38.7243
"26.09.2014",38.3007
"25.09.2014",38.383
"24.09.2014",38.6672
"23.09.2014",38.5782
"20.09.2014",38.4134
"19.09.2014",38.4209
"18.09.2014",38.3724
"17.09.2014",38.7058
"16.09.2014",37.9861
"13.09.2014",37.6545
"12.09.2014",37.3758
"11.09.2014",37.1693
"10.09.2014",37.0261
"09.09.2014",37.0866
"06.09.2014",36.9219
"05.09.2014",36.8038
"04.09.2014",37.3183
"03.09.2014",37.348
"02.09.2014",37.2945
"30.08.2014",36.9316
"29.08.2014",36.3053
"28.08.2014",36.1397
"27.08.2014",36.1358
"26.08.2014",36.1201
"23.08.2014",36.0027
"22.08.2014",36.3317
"21.08.2014",36.224
"20.08.2014",36.1094
"19.08.2014",36.0294
"16.08.2014",36.0014
"15.08.2014",36.0395
"14.08.2014",36.2222
"13.08.2014",36.089
"12.08.2014",36.0475
"09.08.2014",36.4461
"08.08.2014",36.2496
"07.08.2014",36.1102
"06.08.2014",35.7987
"05.08.2014",35.6605
"02.08.2014",35.7272
"01.08.2014",35.4438
"31.07.2014",35.7271
"30.07.2014",35.6339
"29.07.2014",35.3457
"26.07.2014",35.0535
"25.07.2014",35.0786
"24.07.2014",34.8101
"23.07.2014",35.0387
"22.07.2014",35.09
"19.07.2014",35.1627
"18.07.2014",34.7998
"17.07.2014",34.3853
"16.07.2014",34.3723
"15.07.2014",34.3135
"12.07.2014",34.0582
"11.07.2014",33.8353
"10.07.2014",34.0758
"09.07.2014",34.4258
"08.07.2014",34.5691
"05.07.2014",34.3236
"04.07.2014",34.1949
"03.07.2014",34.2496
"02.07.2014",34.2275
"01.07.2014",33.8434
"28.06.2014",33.6306
"27.06.2014",33.7508
"26.06.2014",33.907
"25.06.2014",33.9812
"24.06.2014",34.2797
"21.06.2014",34.419
"20.06.2014",34.3025
"19.06.2014",34.8232
"18.06.2014",34.8095
"17.06.2014",34.5654
"12.06.2014",34.3227
"11.06.2014",34.3681
"10.06.2014",34.3303
"07.06.2014",34.6573
"06.06.2014",34.9043
"05.06.2014",35.1398
"04.06.2014",35.0115
"03.06.2014",34.8887
"31.05.2014",34.7352
"30.05.2014",34.6481
"29.05.2014",34.4895
"28.05.2014",34.2571
"27.05.2014",34.0771
"24.05.2014",34.3139
"23.05.2014",34.2802
"22.05.2014",34.5078
"21.05.2014",34.6007
"20.05.2014",34.7394
"17.05.2014",34.7794
"16.05.2014",34.7005
"15.05.2014",34.709
"14.05.2014",34.8789
"13.05.2014",35.2091
"09.05.2014",35.0343
"08.05.2014",35.4971
"07.05.2014",35.655
"06.05.2014",35.8381
"01.05.2014",35.7227
"30.04.2014",35.6983
"29.04.2014",36.0245
"26.04.2014",35.9289
"25.04.2014",35.683
"24.04.2014",35.6625
"23.04.2014",35.6785
"22.04.2014",35.6688
"19.04.2014",35.5389
"18.04.2014",35.9287
"17.04.2014",36.0813
"16.04.2014",35.9635
"15.04.2014",35.989
"12.04.2014",35.6239
"11.04.2014",35.5581
"10.04.2014",35.7493
"09.04.2014",35.5475
"08.04.2014",35.4679
"05.04.2014",35.501
"04.04.2014",35.5154
"03.04.2014",35.2517
"02.04.2014",35.024
"01.04.2014",35.6053
"29.03.2014",35.6871
"28.03.2014",35.581
"27.03.2014",35.4494
"26.03.2014",35.9316
"25.03.2014",36.1663
"22.03.2014",36.4022
"21.03.2014",36.1081
"20.03.2014",36.207
"19.03.2014",36.4487
"18.03.2014",36.6505
"15.03.2014",36.6391
"14.03.2014",36.4566
"13.03.2014",36.4865
"12.03.2014",36.4015
"08.03.2014",36.2618
"07.03.2014",36.1251
"06.03.2014",36.0849
"05.03.2014",36.3208
"04.03.2014",36.3784
"01.03.2014",36.1847
"28.02.2014",36.0501
"27.02.2014",35.7872
"26.02.2014",35.5669
"25.02.2014",35.5112
"22.02.2014",35.6828
"21.02.2014",35.767
"20.02.2014",35.5857
"19.02.2014",35.2386
"18.02.2014",35.0976
"15.02.2014",35.2559
"14.02.2014",34.8611
"13.02.2014",34.7595
"12.02.2014",34.7964
"11.02.2014",34.7636
"08.02.2014",34.6044
"07.02.2014",34.7287
"06.02.2014",34.9592
"05.02.2014",35.4502
"04.02.2014",35.2347
"01.02.2014",35.18
"31.01.2014",35.2448
"30.01.2014",34.5633
"29.01.2014",34.625
"28.01.2014",34.7093
"25.01.2014",34.26
"24.01.2014",34.0334
"23.01.2014",33.8688
"22.01.2014",33.8161
"21.01.2014",33.6429
"18.01.2014",33.4343
"17.01.2014",33.4013
"16.01.2014",33.3562
"15.01.2014",33.2386
"14.01.2014",33.1204
"11.01.2014",33.2062
"10.01.2014",33.1547
"01.01.2014",32.6587
"31.12.2013",32.7292
